{"featureMean":{"0":3.944444417953491,"1":2.722222328186035,"2":3769.833251953125},"featureStd":{"0":0.621130108833313,"1":0.8695821166038513,"2":1615.85009765625},"labelMean":{"0":1744858.625},"labelStd":{"0":1549166.875}}