{"featureMean":[3.944444417953491,2.722222328186035,3769.833251953125],"featureStd":[0.621130108833313,0.8695821166038513,1615.85009765625],"labelMean":[1744858.625],"labelStd":[1549166.875]}